{
  "IcoMoonType": "selection",
  "icons": [
    {
      "icon": {
        "paths": [
          "M511.957 0c-214.485 0-388.395 173.909-388.395 388.437 0 214.571 305.067 635.563 388.437 635.563 61.653 0 388.48-420.992 388.48-635.563-0.043-214.528-173.952-388.437-388.523-388.437zM510.208 579.584c-109.013 0-197.333-88.32-197.333-197.333s88.32-197.333 197.333-197.333 197.333 88.32 197.333 197.333-88.32 197.333-197.333 197.333z"
        ],
        "attrs": [],
        "isMulticolor": false,
        "isMulticolor2": false,
        "tags": [
          "map marker",
          "pin",
          "locaiton",
          "marker"
        ],
        "grid": 24
      },
      "attrs": [],
      "properties": {
        "id": 115,
        "order": 6,
        "prevSize": 24,
        "name": "mapmarker"
      },
      "setIdx": 0,
      "setId": 6,
      "iconIdx": 114
    },
    {
      "icon": {
        "paths": [
          "M810 384h86v86h-86v-86zM854 662c24 0 42 18 42 42v150c0 24-18 42-42 42-400 0-726-326-726-726 0-24 18-42 42-42h150c24 0 42 18 42 42 0 54 8 104 24 152 4 14 2 32-10 44l-94 94c62 120 162 220 282 282l94-94c12-12 30-14 44-10 48 16 98 24 152 24zM726 384v86h-86v-86h86zM554 384v86h-84v-86h84z"
        ],
        "attrs": [],
        "isMulticolor": false,
        "isMulticolor2": false,
        "tags": [
          "settings_phone"
        ],
        "defaultCode": 59589,
        "grid": 24
      },
      "attrs": [],
      "properties": {
        "ligatures": "settings_phone",
        "id": 676,
        "order": 5,
        "prevSize": 24,
        "name": "settings_phone"
      },
      "setIdx": 1,
      "setId": 5,
      "iconIdx": 676
    },
    {
      "icon": {
        "paths": [
          "M853.342 0h-682.656c-93.874 0-170.686 76.81-170.686 170.69v682.622c0 93.938 76.812 170.688 170.686 170.688h682.656c93.876 0 170.658-76.75 170.658-170.69v-682.62c0-93.88-76.782-170.69-170.658-170.69zM853.342 128c7.988 0 15.546 2.334 22.020 6.342l-363.362 300.404-363.354-300.4c6.478-4.010 14.044-6.346 22.040-6.346h682.656zM170.686 896c-1.924 0-3.82-0.146-5.684-0.408l225.626-312.966-29.256-29.254-233.372 233.37v-611.138l384 464.396 384-464.394v611.136l-233.372-233.37-29.254 29.254 225.628 312.968c-1.858 0.26-3.746 0.406-5.662 0.406h-682.654z"
        ],
        "tags": [
          "mail",
          "contact",
          "support",
          "newsletter",
          "letter",
          "email",
          "envelop",
          "social"
        ],
        "defaultCode": 60036,
        "grid": 16,
        "attrs": []
      },
      "attrs": [],
      "properties": {
        "ligatures": "mail3, contact3",
        "name": "mail2",
        "order": 7,
        "id": 389,
        "prevSize": 32
      },
      "setIdx": 5,
      "setId": 1,
      "iconIdx": 388
    }
  ],
  "height": 1024,
  "preferences": {
    "showGlyphs": true,
    "showQuickUse": true,
    "showQuickUse2": true,
    "showSVGs": true,
    "fontPref": {
      "prefix": "icon-",
      "metadata": {
        "fontFamily": "icomoon"
      },
      "metrics": {
        "emSize": 1024,
        "baseline": 6.25,
        "whitespace": 50
      },
      "embed": false
    },
    "imagePref": {
      "prefix": "icon-",
      "png": false,
      "useClassSelector": true,
      "color": 0,
      "bgColor": 16777215,
      "classSelector": ".icon",
      "name": "icomoon_phone",
      "height": 32,
      "columns": 16,
      "margin": 16
    },
    "historySize": 50,
    "showCodes": true,
    "gridSize": 16
  }
}